8.416754,75.921057,21.635259,2
8.725890,63.813564,19.718734,2
0.000000,197.210213,19.045471,3
8.733333,143.636181,17.621141,2
1.747626,82.636672,12.209535,3
-6.541057,19.726047,9.215187,1
-2.937162,146.911825,2.796695,2
-0.000000,127.461258,14.401656,3
8.733333,14.768375,19.007228,2
8.733333,24.101633,6.041166,1
-7.870026,196.319242,18.483607,2
8.733333,99.359884,1.556615,2
8.646395,4.482731,8.333426,1
2.430914,10.766310,5.899728,2
8.562789,28.174760,3.364266,1
-8.669496,178.694862,13.881991,3
-0.000000,93.164015,6.960246,3
8.690040,112.171348,21.100461,2
6.422720,98.891269,10.970828,2
8.733333,13.557098,16.249387,2
-0.000000,179.529308,0.280625,2
0.000000,57.713062,13.317770,3
8.733333,53.809363,12.681929,3
8.733333,118.838835,17.762334,2
4.982862,95.175805,14.409297,3
5.854899,73.662208,19.321025,3
8.700974,131.122218,19.852204,1
-0.000000,187.640081,3.349123,2
4.748462,124.085037,4.236762,2
-6.274239,56.568018,17.401464,3
3.704673,41.036250,1.335512,2
-4.828968,87.826816,8.576198,2
-3.984177,5.450044,6.599249,2
0.000000,175.236867,16.151958,3
-4.333333,122.018449,2.292604,2
8.733333,40.718476,17.436661,2
5.728301,103.983365,17.220037,3
3.509007,10.764860,11.712749,2
8.552795,172.437486,5.573752,1
-4.346551,88.586933,1.561001,3
4.691008,109.601831,13.767673,3
4.833042,113.372166,0.542992,2
8.509907,136.078998,1.364935,1
7.387691,74.275716,2.851464,2
-4.352375,15.645742,9.913510,2
-0.000000,91.270145,14.791389,4
0.999438,9.568760,18.834438,3
4.726229,147.651398,10.965799,2
6.638480,7.600307,1.073259,1
8.617869,190.848865,6.904312,1
-4.130052,148.474467,14.115886,3
5.011175,187.489913,17.300506,2
4.747456,102.672797,6.361311,2
-4.339555,48.180960,10.953096,2
-4.401719,51.993056,18.005562,2
0.856096,151.794832,13.092822,3
8.733333,198.668553,11.801341,2
1.488913,71.341150,7.279209,3
4.666667,150.571568,9.057185,2
0.000000,22.009699,17.468137,3
8.646427,119.409046,7.550581,2
-4.410221,86.119040,10.177348,3
-0.000000,146.143603,8.092121,2
4.878965,52.235234,14.950554,3
8.654423,18.961536,12.491139,2
8.733333,90.192698,14.339091,3
3.408028,128.014902,10.804502,2
-4.408636,26.407763,8.766081,2
0.000000,90.564486,10.504653,3
-4.412917,130.439920,1.464928,2
8.678967,165.399666,9.042627,1
-5.426449,61.615382,21.320023,3
8.599018,80.472716,17.175863,3
-8.457627,176.846263,16.038394,3
8.733333,140.115902,16.844314,2
4.699808,48.374459,16.644778,3
-4.359020,151.966363,18.551947,2
-4.406177,58.185147,16.943451,3
-0.000000,55.487744,21.530540,3
1.245285,1.221561,2.449908,2
-0.000000,74.942228,8.713693,3
8.500816,87.386556,10.825334,2
2.229693,60.859694,5.678082,3
4.666667,58.172066,0.813257,2
8.733333,48.503262,21.436389,2
0.794381,187.336722,15.981372,3
8.595040,172.038048,3.255226,1
6.968751,79.445652,3.253680,2
3.332657,95.883821,15.506130,3
4.666667,112.999219,8.381857,2
-4.333333,97.923878,1.681052,2
-4.409025,53.962327,9.038488,2
4.666667,197.948028,3.145792,2
8.622435,36.735139,17.576243,2
8.655717,172.331345,20.465460,1
-4.373609,6.526514,0.103829,2
2.645752,66.391604,14.300893,3
-0.000000,149.749399,14.927714,3
0.000000,128.873292,5.579703,2
-0.000000,33.847593,18.549980,3
-4.339415,190.441020,6.467093,2
8.719198,108.654047,0.590928,2
3.119855,50.282695,2.052758,2
-0.000000,115.714462,17.553469,3
0.000000,183.095320,15.650858,3
4.667110,179.119305,17.234949,2
-5.393194,96.501323,13.726298,3
4.744786,88.547996,18.159140,3
5.396578,62.350990,0.770497,2
8.669639,11.062754,8.920449,1
-0.000000,150.758355,5.492713,2
-4.344878,26.389496,10.579731,2
-4.385618,71.184424,19.378461,3
8.733333,79.174193,6.175066,2
0.000000,177.104245,13.181135,3
8.733333,4.247910,0.576975,1
4.666667,168.816144,3.414371,2
8.733333,57.614129,18.346039,2
-4.333333,50.068577,4.287654,2
4.685234,97.675927,18.255337,3
-4.333333,145.807223,7.437647,2
8.733333,40.523219,14.764564,2
-4.401856,43.255241,1.152059,2
5.552935,195.266903,16.154799,2
8.447607,118.647158,10.988599,2
8.733333,60.880716,20.752599,2
-7.762508,193.540577,6.374993,1
4.778407,179.193966,8.284329,1
-4.415686,38.005095,2.502618,2
8.470195,0.359865,21.226716,1
-0.000000,142.352753,9.515254,2
8.733333,173.545358,1.860390,1
-4.349256,23.661582,15.766881,3
-4.713469,7.804595,11.149322,2
-6.491008,119.638905,7.217930,2
-8.731681,120.862701,16.577531,3
8.733333,103.286482,18.392128,3
3.294140,1.501481,5.581760,2
-0.000000,137.786673,11.757350,3
-4.576871,189.204075,9.573635,2
8.426321,174.707291,3.469491,1
4.682613,22.655291,13.210586,2
-0.000000,70.913868,20.623917,4
4.667353,48.387366,2.370689,2
4.773039,112.066662,19.799592,2
-8.698303,122.545422,12.110230,2
-4.395341,60.161818,9.401847,2
-4.421942,159.628343,3.352378,2
0.000000,159.128325,5.446012,2
-4.397278,156.218453,9.842113,2
4.733943,70.219686,11.721236,3
-8.723702,10.859471,7.802325,1
8.733333,141.740923,17.008526,2
8.733333,198.585688,19.396985,2
4.666667,32.495297,16.150026,2
4.443272,22.713268,8.941509,2
-0.000000,182.575085,13.291932,3
8.733333,96.331396,14.104311,3
0.000000,170.361190,2.804270,2
-4.333333,161.982761,10.916224,2
8.631714,37.351909,6.830326,1
4.807981,49.439971,12.728638,3
-8.465044,10.837768,20.759397,1
-0.000000,121.792291,9.392671,3
-8.656889,155.446486,0.728826,1
-4.333333,102.212818,20.447545,3
8.733333,5.550018,20.349610,1
8.733333,198.077056,7.882752,1
4.666667,100.187985,5.719761,2
-8.712788,66.399497,17.310912,3
-4.390138,34.776628,11.254809,2
4.712156,125.127279,12.375597,2
8.733333,115.026967,15.065463,3
-4.333333,150.197077,2.032725,2
0.000000,30.703760,19.196737,3
-5.287506,71.357439,20.744633,3
4.733317,28.790160,2.125073,1
4.650340,170.121531,18.609415,2
4.729755,67.573948,20.006704,3
4.686898,55.039299,0.249505,2
4.675953,1.202195,11.521019,2
1.986337,160.382394,14.307596,3
8.691939,99.481657,8.473198,2
-4.353895,107.568568,14.284645,3
3.917318,174.182505,16.782777,2
-4.432139,144.568714,12.665092,2
4.788694,133.617186,13.902221,2
-0.000000,35.765558,6.120488,2
5.730405,110.099071,18.476401,2
-8.646687,191.975016,9.390369,1
8.733333,119.204334,13.895692,3
8.591082,161.714142,18.336274,2
4.666667,196.906471,5.944080,2
-0.000000,177.184890,8.817616,2
-0.000000,42.767401,12.193601,3
2.783609,6.926012,9.765038,2
4.666667,90.224758,1.988451,2
4.666667,2.758911,16.376389,2
8.622516,94.742150,0.717540,2
7.138067,190.239418,9.454336,1
4.722442,49.790456,0.819770,2
4.842267,77.284560,21.467551,3
8.733333,86.286675,11.491478,3
-0.000000,166.177297,20.011860,2
4.702901,164.929364,8.431454,1
8.733333,90.599722,19.457949,2
8.733333,76.112034,5.610387,2
-0.000000,185.173709,19.999097,2
4.637416,148.168725,19.680330,2
3.652608,147.526615,8.767378,2
-4.367224,189.383200,13.750440,3
2.399230,102.019941,12.487140,3
-0.000000,158.375837,19.679261,2
-5.189210,90.434700,4.711648,2
8.480898,169.839742,0.084901,1
-4.357390,78.086166,19.372792,3
-4.387815,147.675302,5.172676,2
-8.685328,195.287711,5.387022,1
-8.518058,104.659812,14.100175,3
3.545085,85.983060,6.699539,3
3.112274,41.431617,18.163658,3
8.733333,64.680276,19.441152,2
-0.000000,22.174044,20.798205,2
0.000000,75.042011,8.597497,3
8.733333,65.980796,17.629041,3
8.733333,68.421034,3.456492,2
1.275113,163.423770,13.753639,3
-4.333333,106.337063,15.377678,3
-4.906569,104.224410,1.889117,2
4.250577,154.861942,11.685951,2
4.666667,24.052554,19.548463,2
-4.417639,125.090030,5.800652,2
2.791860,69.329737,5.165282,3
6.763737,66.923877,18.472459,3
-4.378790,114.923313,10.901881,2
0.000000,172.787528,3.352060,2
2.014211,39.712614,5.076899,2
-0.605884,134.490193,14.474987,3
-0.000000,180.366274,12.384864,3
-0.000000,39.831436,6.420232,2
-4.333333,59.656830,13.690710,3
-4.417692,99.304054,15.749919,3
8.474022,177.980846,6.176083,1
-4.333333,100.282918,9.070009,2
8.709013,55.399048,7.968526,2
8.386298,106.791636,17.190624,3
4.666667,114.849911,2.980717,2
4.004306,82.560880,19.845529,3
-4.393473,2.952733,6.371994,2
4.093703,140.552961,10.990274,2
8.733333,101.349430,17.238989,3
2.501977,76.253220,14.895365,4
-0.000000,12.986307,3.295858,2
-4.387274,71.715992,15.325629,3
4.666667,46.850249,2.838287,2
-0.000000,40.700811,20.810818,3
4.994528,162.755917,19.501061,2
4.791327,78.686919,11.330101,3
-0.000000,10.715034,14.946992,3
8.733333,75.010316,21.489454,2
-4.333333,154.998835,2.760128,2
8.733333,33.059524,16.549347,2
8.682577,182.443779,18.195142,2
8.725645,63.841156,17.191467,3
-4.375180,65.955934,4.199419,2
-4.417573,40.847134,9.430109,2
4.667477,153.442947,0.318048,2
5.011920,13.994630,7.156281,1
-4.336434,190.006790,2.963445,2
7.517348,31.641957,9.911384,1
-4.333333,57.289173,12.590048,3
4.743951,137.425823,17.424512,2
-0.000000,28.229965,9.234205,2
8.621426,102.417330,11.715804,2
7.034624,144.265385,20.365497,1
8.733333,185.769027,19.779800,1
8.733333,146.420770,11.986335,2
4.666999,149.969604,19.824727,2
5.963657,81.463921,1.140188,2
-4.415092,47.898339,17.789255,3
-4.333333,104.170095,7.367901,2
4.891346,43.815472,5.031029,2
-0.000000,168.477581,18.092840,3
-0.000000,132.586582,7.661161,2
8.733333,163.247057,3.640353,1
4.670331,158.775520,0.618938,2
4.677275,93.821041,21.018135,3
8.733333,61.904996,14.966396,3
8.733333,137.515850,18.932367,2
4.667368,197.370445,20.660057,2
-4.349674,153.986775,14.964267,3
0.000000,165.916169,20.183322,2
8.733333,141.216953,5.647217,1
0.000000,119.067284,19.483599,3
4.034649,150.574824,20.240941,2
-6.656512,99.344441,6.601396,2
8.733333,173.026531,1.614601,1
6.865588,13.605539,16.882772,2
-0.000000,193.709188,1.868949,2
-0.000000,19.751262,16.032810,3
-8.731950,109.395417,9.853572,2
2.363371,80.593982,14.327471,4
-6.448771,21.408031,3.729041,1
-4.333333,144.833234,11.691883,2
4.181350,122.736470,13.943619,3
-4.867694,156.593639,0.310112,1
8.499824,113.324116,10.348169,2
8.733333,162.263832,19.499171,1
7.621250,115.355172,2.508626,2
-4.335593,188.805839,9.735905,2
4.758520,174.290430,14.510054,2
2.524395,101.520442,6.485005,3
8.733333,157.764633,20.908105,1
4.733045,94.606128,15.274297,3
8.733333,165.760340,4.549744,1
4.672405,64.496318,12.204771,3
4.701824,195.229307,19.344127,2
8.733333,55.642208,12.272869,2
-5.696687,14.566161,16.551349,2
-4.392733,150.244721,19.687817,2
-4.344476,166.237724,18.520572,2
4.804777,184.467619,2.878847,1
8.733333,65.404859,4.161387,2
8.733333,160.813853,3.380076,1
-4.333333,107.650067,0.635845,2
4.352674,92.658976,0.199868,2
4.675625,164.150050,13.121938,2
-0.000000,190.381301,13.399085,3
-0.000000,15.254578,20.216316,2
-0.000000,141.734213,16.138638,3
-1.951158,46.985289,6.625233,2
3.281526,79.779112,10.902639,3
0.000000,53.624885,5.679587,3
8.733333,166.502663,16.122796,2
-4.349131,199.074762,2.568737,2
0.000000,129.950197,16.412914,3
-0.000000,140.790566,17.815360,3
-8.615730,186.460640,16.395141,3
3.670288,137.530510,7.417153,2
-0.000000,113.670784,12.855150,3
8.558065,76.169506,10.316946,2
8.733333,126.915897,1.919831,1
-5.603341,72.645724,18.231783,3
8.723248,81.523889,15.090784,3
-4.064259,73.739945,5.881151,3
2.595292,93.679752,21.328638,3
-0.000000,100.682769,4.043032,3
8.589238,182.107156,6.598700,1
-0.000000,41.286204,9.046068,2
8.733333,67.720735,5.202762,2
-1.716641,114.825124,4.291217,3
6.107471,97.386488,15.518344,3
4.776906,52.443797,3.972062,2
4.666667,115.918693,11.491324,2
5.925301,175.665540,6.515780,1
1.620369,12.190044,10.181202,2
-8.382377,88.175294,20.355113,3
-4.396324,16.851600,4.749561,2
8.733333,112.647523,0.022195,2
-5.031883,107.862116,19.945337,2
-4.674273,153.611580,14.960923,3
4.666667,46.618054,11.328940,2
8.733333,117.472348,11.485515,2
0.492529,91.794773,2.264209,3
-4.354706,172.196304,21.931371,2
4.791359,132.167219,7.897314,2
3.000849,70.775833,13.755337,4
8.733333,69.437260,8.654063,2
-4.777244,50.743620,0.168574,2
8.579988,190.505629,11.996269,2
4.723325,59.640198,11.200428,2
4.834722,31.681216,5.429136,1
-5.111084,72.259411,0.998696,2
4.709820,148.325819,18.518054,2
4.666667,141.180002,1.061498,2
-4.333333,140.178435,6.959051,2
-0.000000,1.245157,17.235227,3
-6.161352,74.869120,21.392801,3
-0.000000,180.299124,12.902210,3
4.666667,63.668966,17.116965,3
-8.424780,119.416585,16.009344,3
-1.960906,59.559036,14.321710,3
4.676667,25.002876,14.621530,2
-4.420571,77.671134,20.653156,3
8.730939,163.537549,11.771788,2
8.733333,196.235141,8.765683,1
8.377364,172.397967,14.750069,2
4.681225,16.764176,9.691758,2
-0.000000,67.542398,2.923227,3
-4.482836,47.225833,9.662482,2
8.733333,63.561078,12.048140,3
8.413782,196.889681,8.693000,1
8.733333,109.650178,8.761984,2
-4.416725,149.850252,16.529670,3
1.577709,168.370347,11.491708,2
0.000000,33.377941,10.789527,2
4.715908,180.619522,1.950937,1
3.220530,21.024826,5.518736,2
-4.372221,149.018619,9.846299,2
-4.347558,145.874388,14.035140,3
-0.000000,143.493920,15.607796,3
-4.333333,26.686354,21.837636,2
3.050561,89.157800,20.508287,3
2.815608,101.757446,2.029049,2
3.288762,106.098058,20.977879,3
6.032546,171.943409,3.581504,1
4.710040,135.544982,21.350012,1
-4.333333,161.167652,13.134147,3
-4.333333,106.248574,5.284997,2
-0.536981,191.179168,1.546494,2
4.666667,13.335389,6.600907,2
4.745742,108.303605,17.897986,2
4.757336,56.332069,1.687617,2
8.733333,96.180067,7.798408,2
7.285944,136.972756,2.904239,1
8.721569,41.651678,3.479952,1
4.062598,121.632198,1.367235,2
4.050457,65.235234,15.440557,3
-4.333333,176.169440,1.902597,2
4.671083,26.678923,13.569319,2
8.619239,20.481558,3.822975,1
4.719939,191.823381,14.330823,2
-4.418622,30.580400,10.971321,2
-4.422291,30.507616,6.259235,2
0.000000,31.110518,18.272314,3
0.079954,17.913881,18.003917,3
2.081497,90.884912,20.639727,3
-0.000000,133.779139,0.007174,2
4.669901,166.260336,14.088563,2
8.584883,158.047027,0.161825,1
-0.000000,142.542184,2.341264,2
8.733333,94.519501,2.349477,2
1.796020,141.717630,8.076399,2
8.733333,191.611896,5.271369,1
-4.639987,101.155112,7.615084,2
4.852647,61.010623,5.491636,2
-2.233876,157.962237,8.515415,2
4.830309,47.277393,9.262844,2
3.270827,46.860567,14.081700,3
0.000000,92.939880,17.326165,4
-8.412624,123.877360,5.939877,1
-5.148949,123.065880,18.567612,2
4.786111,24.524780,16.290304,2
8.636642,24.758706,18.174243,2
4.682901,56.891798,4.008229,2
8.633916,147.146561,1.439596,1
4.895781,82.261621,13.427706,3
-4.333333,165.796379,15.434162,3
2.001843,187.022823,2.455590,2
-0.000000,79.813332,2.108122,3
8.733333,10.442276,13.152343,2
-7.778053,114.237220,17.869117,2
4.667511,149.533995,17.920720,2
4.717930,64.048712,1.967613,2
4.683595,98.586864,16.088132,3
6.766857,44.330551,19.884845,2
3.868413,187.854749,9.949099,2
6.547685,96.461058,1.555129,2
3.530519,107.999217,5.308119,2
-5.282645,44.211420,16.101031,3
-4.411207,19.189000,0.890816,2
7.562424,12.033083,9.339501,1
4.666667,163.901775,11.884732,2
-4.336197,154.295661,20.984212,2
-0.000000,39.139146,4.595926,2
4.668752,179.023631,2.559306,2
0.000000,136.860029,14.216841,3
8.721317,131.369296,2.385044,1
-4.397472,198.076240,21.636932,2
8.733333,6.738359,5.463569,1
-3.234153,84.850654,13.339826,3
8.510094,97.996735,17.967296,3
-4.635121,116.700894,18.261193,2
0.000000,16.653950,10.758865,2
-4.389649,132.030926,16.736022,3
-0.000000,10.461044,20.132375,2
2.641717,111.366107,19.821449,3
1.728376,142.405050,4.713225,2
0.000000,97.582125,12.035344,3
4.722727,123.520129,17.263609,2
4.729413,42.755515,4.277704,2
4.991060,129.131732,16.431561,2
3.376501,76.128458,10.462281,3
8.733333,20.742568,12.831689,2
-4.410545,75.502304,5.732058,2
6.632830,52.572162,1.866094,2
-4.392056,48.257123,6.558923,2
-5.177616,124.584810,20.176846,2
4.668700,104.585552,10.351400,2
0.116722,82.647549,5.928286,3
4.669085,43.558407,16.785350,3
4.765516,171.710723,16.987786,2
8.536434,172.201651,0.468592,1
-0.000000,56.787802,19.359696,3
4.765725,123.078570,17.559744,2
-0.000000,155.897900,7.131635,2
8.733333,190.969462,14.718977,2
8.733333,183.920649,6.518465,1
-4.411708,76.963141,20.458945,3
3.550200,32.528603,6.203130,2
4.666667,159.350284,3.715359,2
4.666667,22.763436,16.393665,2
8.682100,31.764860,10.496956,1
-8.370873,71.165623,14.375780,3
-0.908500,169.551713,21.264671,2
-5.244402,116.556239,6.886605,2
8.733333,117.235533,1.681668,2
4.724795,185.167598,17.411133,2
-0.000000,115.015654,8.038448,3
4.711523,1.995479,12.872187,2
-0.000000,161.875457,4.033408,2
4.728601,121.761672,1.692217,2
-0.000000,95.982736,3.380581,3
7.502121,53.688032,18.191272,2
4.666667,51.619277,6.621048,2
8.733333,96.201907,8.445459,2
0.000000,45.468297,14.316477,3
-8.703394,9.720460,17.982152,2
-4.870699,33.848363,16.857857,2
-5.909374,51.689262,8.231862,2
-0.000000,39.582012,4.176975,2
4.677920,121.138613,14.223039,3
4.773315,164.740729,0.079317,1
8.531563,162.122993,6.223534,1
4.624736,160.447403,14.049213,2
8.554259,141.622675,13.025641,2
8.504368,171.875571,7.156363,1
8.733333,156.216904,21.756928,1
-4.355487,40.759370,2.711189,2
-8.654622,198.668650,16.189294,3
5.815418,18.724906,3.445574,1
-4.333333,130.123709,9.562243,2
4.666667,43.035305,18.309351,2
4.666667,48.774620,7.918010,2
8.733333,67.937561,1.677237,2
0.355215,39.572468,12.252362,3
-0.000000,101.366675,6.026465,3
3.463936,190.151597,2.905203,2
8.709980,78.921444,15.392407,3
4.666667,116.892968,10.689908,2
-0.000000,121.307449,4.019758,3
-4.734839,142.928573,2.226720,1
4.666667,80.307271,4.434855,2
-4.417626,171.738204,2.964412,2
-4.333333,184.096996,7.123361,2
5.569639,150.167778,20.911991,1
-4.397425,57.118341,11.706872,2
4.685608,159.363158,5.449086,2
3.233953,28.553166,9.620078,2
2.776518,100.910038,14.719931,3
8.701368,122.137590,12.049306,2
4.793094,140.759347,13.399199,2
5.140864,76.667986,18.988965,3
3.627503,145.736687,8.375311,2
4.685739,177.456936,16.477024,2
-4.333333,11.169664,3.447330,2
-0.137181,27.643269,1.278724,2
2.448529,172.612996,7.473553,2
-2.722935,84.349297,17.977881,4
-4.359432,82.262835,8.306049,3
8.733333,191.828268,21.397309,1
4.706711,150.049059,13.317009,2
8.733333,196.199423,7.441196,1
1.937137,46.703161,20.415642,3
8.524060,19.245352,19.765343,1
4.787367,76.916440,18.715542,3
8.733333,100.054510,5.649422,2
6.758541,114.051174,6.280901,2
4.842553,195.326319,17.158832,2
-4.376861,98.571036,15.430695,3
8.701973,80.176573,10.835259,2
8.644059,198.998052,21.288690,1
2.711346,52.199602,10.475553,2
4.822126,133.064942,21.887921,2
-0.000000,192.851323,10.792730,2
8.733333,134.230207,11.075975,2
8.521278,59.834971,16.913003,3
-4.515370,106.225305,8.537859,2
8.733333,0.292635,9.971704,1
8.730610,176.757762,2.922787,1
4.666667,80.876771,16.687139,3
8.711285,60.241117,12.435213,3
4.378422,190.116318,14.270005,2
-4.336864,92.129639,17.557277,3
-8.610538,57.529502,4.849861,2
-0.000000,16.925328,18.873597,3
8.665712,116.436267,19.904036,2
8.717783,30.613739,6.424437,1
8.699782,14.618861,15.969135,2
3.604117,116.112955,7.467808,2
-0.000000,57.402950,5.998987,3
-8.687090,72.384017,3.746041,2
-4.333526,144.964939,14.608401,3
-4.945253,171.662336,11.788736,2
4.980457,69.583137,18.240407,3
4.666667,192.349121,5.881966,2
-4.354355,190.713810,3.875427,2
4.666667,41.207475,9.486100,2
-4.743557,153.648972,10.464411,2
-4.379355,123.106376,17.274860,3
8.733333,183.784497,2.874335,1
4.666667,120.507452,1.129826,2
8.733333,140.427646,13.805142,2
5.839837,148.734991,0.639926,1
4.691179,77.020455,2.996281,2
8.733333,50.300758,15.280223,3
8.733333,7.351947,11.344937,2
8.733333,94.424575,11.936813,3
-5.332482,129.014466,17.786637,3
8.733333,55.793988,17.461093,3
4.018507,103.572182,11.041076,2
8.733333,49.133328,6.085905,2
4.666667,59.501635,2.632629,2
4.666667,130.094819,19.505151,2
8.733333,178.278661,21.346358,1
-8.517411,172.221293,20.735579,1
-0.000000,41.983015,14.038819,3
8.733333,79.818782,1.992983,2
4.666667,177.576605,1.643579,2
8.733333,51.305602,4.013921,2
8.720590,193.360321,0.697129,1
4.666667,123.831471,15.948599,3
-4.419355,33.069153,3.171494,2
2.493351,165.239806,13.990390,3
-4.333333,131.138620,17.376646,3
4.687919,109.290517,12.457569,3
-0.000000,50.265857,8.303106,3
8.323360,8.031277,18.074895,2
8.733333,46.675083,6.707378,2
8.675775,72.222587,7.026208,2
8.523150,126.691007,17.269558,2
2.477236,197.219619,11.082202,2
8.726127,41.431329,5.741928,1
-0.000000,151.416788,16.114462,3
-8.540610,177.265622,3.584899,1
-8.675631,94.445972,20.263655,3
8.733333,31.782705,4.888916,1
-0.000000,162.184157,1.839392,2
8.684249,95.301551,1.621434,2
-5.488480,23.257506,16.930136,2
4.666667,175.144123,17.988895,2
4.698563,127.037276,16.289362,3
-4.333333,19.456270,16.681473,2
4.674168,181.687891,21.146290,2
4.755466,7.003204,10.261349,2
0.000000,7.949939,17.313923,3
4.666667,197.713578,9.296498,2
-4.355724,137.236320,20.762059,2
0.000000,75.337839,0.028917,3
-4.368454,100.864851,21.587894,3
-5.364670,152.699136,12.544272,3
-4.353981,9.774959,7.622352,2
-8.719999,145.185531,12.265067,2
4.703766,140.265612,6.595263,1
0.229323,91.778165,3.499602,3
4.666667,116.458962,14.635638,3
5.748500,67.817960,15.052461,3
-0.000000,34.125083,17.433006,3
4.688367,79.838681,7.669738,2
2.164438,183.955439,5.501644,2
0.000000,45.209087,7.590074,3
3.754170,72.201339,7.229917,3
8.733333,64.912403,20.404682,2
8.733333,16.716423,16.633594,2
-2.725191,102.533107,6.341250,2
-4.367753,166.572965,13.335957,3
4.666667,180.922700,16.852646,2
-0.000000,144.719182,18.615352,3
-0.000000,76.599165,19.843586,4
-4.370196,59.603411,13.105557,3
8.733333,138.342327,1.507795,1
-4.333333,176.091385,4.796954,2
-4.574291,184.909662,19.126987,2
-5.302525,16.250555,9.112793,1
0.000000,96.534603,14.546601,4
4.681040,25.653011,17.236666,2
4.679965,50.582232,5.453492,2
-8.732919,176.792307,12.197356,2
8.733333,39.255383,5.050879,1
4.730286,24.270731,0.152081,1
8.723304,108.738999,16.866067,3
-5.331537,62.924150,0.480331,2
8.733333,76.408183,8.648276,2
8.525178,158.307853,5.555883,1
8.733333,167.835896,4.492772,1
8.733333,136.047277,14.570148,2
8.672293,83.384401,20.124326,2
4.666667,128.577962,0.151856,2
-4.346884,42.816290,16.421310,3
-0.000000,123.454161,17.592757,3
-4.333378,135.038229,19.971577,2
0.000000,120.204697,21.440627,3
8.733333,69.261901,2.636997,2
-1.726339,72.880274,11.417335,3
1.914841,34.296215,18.083446,3
-0.016533,159.072314,14.014502,3
4.669989,98.533382,20.986028,2
4.730963,70.924571,20.832380,3
-4.369151,155.012240,21.265315,2
8.733333,47.360961,1.481572,2
-0.000000,168.966690,9.625765,2
8.733333,163.305394,7.058479,1
3.758899,169.245673,2.949145,2
4.680585,74.037370,2.960873,2
-8.727744,76.645906,17.730849,3
-4.415785,172.266950,11.544814,2
4.767856,92.781839,20.773653,3
4.469741,114.109644,21.743482,2
8.733333,139.061362,9.017672,1
0.000000,192.183455,8.166133,2
8.683822,109.262596,4.990790,2
4.666667,127.315315,9.812681,2
6.474937,114.178498,5.856872,2
8.733333,185.422429,10.100121,1
-2.707102,172.753114,9.523917,2
4.740113,33.967850,5.711716,1
4.477342,35.739806,2.941719,2
8.526833,48.700874,9.223025,2
8.420115,150.355871,11.150931,2
-8.712847,39.826875,7.135140,1
-4.347182,196.588102,15.063154,3
4.741167,141.927740,9.748057,1
-4.333333,35.087229,9.584588,2
0.050657,171.659478,17.446517,3
-0.000000,181.882297,17.942240,3
-4.345773,192.332616,16.546478,3
-4.368112,114.119941,17.363631,3
8.729049,112.575846,11.027884,2
2.124804,35.332241,12.214002,3
-0.000000,102.735812,13.876494,4
8.733333,109.694383,2.155762,2
-4.333333,33.055489,5.404876,2
8.686812,98.778608,13.545953,3
8.728002,107.023453,6.709119,2
0.865755,39.761432,16.873287,3
-4.350447,124.633782,5.879040,2
4.666667,5.263079,0.869139,2
-0.653918,63.758192,6.524359,3
-4.545721,106.599907,12.240029,3
-4.370866,65.354747,21.319638,3
8.727794,120.438088,15.160744,3
-4.344304,72.386545,15.793391,3
-4.397203,26.984127,12.298641,2
-4.333333,182.762701,11.733793,2
4.686532,128.111767,19.265928,2
-8.706687,131.754828,8.648169,1
8.733333,135.066066,10.077473,1
-8.620025,148.911543,4.581395,1
0.000000,168.435515,16.660010,3
-1.400579,103.331434,12.027225,3
-0.000000,30.373740,7.862540,2
-4.413649,76.132855,15.421951,3
8.703985,164.203880,2.402895,1
4.568099,34.272876,0.145437,2
2.077986,65.995056,13.140646,3
-4.333333,193.294397,14.501873,3
0.969989,161.258519,12.760141,3
-4.361866,44.437586,20.018935,2
4.666667,199.954625,13.992135,2
8.553512,12.747739,11.562348,2
2.300057,85.096624,5.711708,3
-4.333333,80.867630,1.125759,3
0.000000,80.058577,16.102903,4
8.605262,22.384529,3.614411,1
8.733333,84.862155,6.168734,2
2.491171,122.709177,5.707404,2
-5.959927,197.612257,12.036111,2
8.408434,43.980156,11.907906,2
4.670098,70.816216,17.338490,3
-1.802631,53.248376,19.131322,3
7.957018,58.299607,17.325892,3
-4.333333,37.677908,21.327413,2
-4.453081,4.571925,3.970298,2
4.786714,89.880836,20.473177,3
4.667361,48.728039,0.993341,2
4.666667,173.745309,5.294209,2
4.550989,105.722153,0.194811,2
6.497053,182.827034,14.775058,2
6.095787,194.786035,19.905891,1
1.109139,117.085192,12.593159,3
4.528105,23.795077,3.420148,2
4.666667,185.306518,11.052084,2
0.000000,118.712154,12.490123,3
-4.416461,176.723061,4.141979,2
8.631082,84.895186,7.132322,2
-0.000000,121.451477,15.752822,3
-0.000000,14.152716,12.164432,3
4.765016,184.954486,3.130198,1
-4.338274,128.415883,8.367998,2
-4.392208,20.899934,8.724523,2
-0.000000,140.045015,12.688317,3
4.666667,79.160866,0.426833,2
8.733333,16.980950,12.706761,2
8.146651,42.895774,20.508314,1
4.732385,49.759780,2.351201,2
0.000000,45.330627,16.107295,3
-4.333333,140.600878,21.351501,2
0.000000,150.830517,13.395482,3
8.127806,109.457327,15.832643,3
8.733333,110.696684,6.660551,2
2.404720,126.114558,10.098493,2
-4.333333,197.091390,1.056629,2
7.646156,126.855641,8.477746,1
-4.333333,120.091123,7.957760,2
-4.352435,181.837391,6.326849,2
4.714390,114.167327,17.967680,2
-0.239211,67.083984,9.911618,3
4.744092,191.427832,17.745915,2
5.013091,87.984624,17.383805,3
-0.000000,120.308519,6.225073,3
4.747962,144.052472,1.502803,1
-4.390200,135.755668,1.208476,2
8.730387,42.551802,14.025498,2
8.706483,16.324675,9.334283,1
8.733333,54.895882,19.921690,2
-4.353756,173.503677,9.181059,2
0.000000,111.871413,3.389283,3
4.792591,92.925554,11.879984,3
5.204478,86.060180,20.616010,2
4.223872,154.797184,14.541011,3
7.357431,130.784084,8.682464,1
4.783595,131.545854,5.697792,2
-4.365975,32.204181,18.654068,2
-4.333333,86.475365,20.791234,3
8.553783,101.017217,8.293996,2
-4.365720,75.066456,1.480164,2
-0.000000,96.074446,3.994799,3
4.672955,68.484281,12.666448,3
-4.385592,155.429288,4.089471,2
2.193410,76.788772,6.411864,3
-0.000000,142.311285,10.156610,2
-4.336012,96.186681,7.633504,2
5.988436,145.836044,6.999646,1
-6.401118,187.511848,10.118121,1
1.770975,103.450881,5.189688,3
-6.946310,180.613750,0.610545,1
4.666667,43.638528,14.485976,3
-4.333333,174.643868,3.493678,2
3.729218,16.538586,17.658577,2
-4.354487,93.080683,8.988755,2
-4.333333,4.385965,7.202621,2
6.536246,161.656110,16.412324,2
1.520522,35.841900,16.419742,3
-0.000000,33.078449,3.827009,2
8.733333,36.320693,2.585986,1
4.701628,138.287313,3.828826,1
5.723690,42.752704,13.803002,2
8.586521,59.620972,18.521586,2
-0.000000,153.667029,11.221823,3
4.748515,100.230019,3.646802,2
-4.333333,181.892961,15.714716,3
8.733333,11.570581,19.954821,1
-4.352803,87.350386,4.807830,3
-5.934283,114.450949,19.161152,2
7.701560,113.013432,4.660391,2
-0.000000,164.763313,18.406629,3
8.522393,25.219765,18.904637,2
1.732333,60.023356,11.514304,3
-4.516216,0.424405,10.501981,2
-4.339211,190.221472,19.577429,2
1.172714,153.259873,1.431676,2
1.734646,150.260832,11.208035,2
-0.000000,27.772967,13.657555,3
2.445311,69.863909,16.138484,4
0.000000,30.268112,5.059917,2
3.424902,99.344136,0.481181,2
7.246051,161.730451,3.057756,1
3.312771,126.573759,16.929164,3
0.000000,137.680300,21.334834,2
-6.413038,127.914044,8.509477,1
-4.397537,145.864345,21.855411,2
-4.333333,171.969142,7.180656,2
-0.000000,125.391076,3.017543,2
4.748715,36.118275,8.464580,2
4.313248,114.661309,12.377988,3
4.666667,32.713231,13.944379,2
-4.333333,181.210347,11.915340,2
4.697466,15.468557,6.929855,1
0.000000,67.706930,3.505188,3
-4.375013,116.123509,3.357557,2
-4.855299,95.047031,3.012917,2
-8.719323,161.064097,15.615669,3
-4.402496,106.155628,10.227018,2
-4.367807,45.462066,2.491966,2
-1.000419,141.896995,15.419335,3
2.497192,29.726511,3.959695,2
-4.375153,131.623236,17.680698,2
-4.406138,126.796510,11.307034,2
8.733333,45.861250,12.065644,2
6.241319,36.445603,4.572585,1
-0.000000,33.270502,17.260955,3
-5.529458,29.921418,11.582772,2
-4.370430,40.549480,12.562514,2
-5.541857,190.991780,9.284897,1
8.567480,3.181668,15.865439,2
6.461681,191.502870,1.609043,1
2.890267,5.138457,13.086962,3
3.267867,194.222133,18.963502,2
-4.397212,59.519135,9.873623,2
4.683222,105.014616,14.356703,3
8.733333,172.467842,6.676409,1
-8.685885,179.280981,13.363679,3
-8.400645,37.802111,6.135851,1
4.787343,132.143911,17.590371,2
-4.370065,188.246188,17.515721,2
2.440458,195.141425,20.989912,2
4.771552,21.587051,9.775440,1
8.733333,35.779846,10.051422,1
4.413250,149.310285,13.195977,2
4.680631,9.893705,18.537680,2
-4.336719,14.256976,0.686410,2
4.833503,97.825104,4.119943,2
-4.827477,169.978764,20.759077,1
5.227676,199.408289,20.854287,1
8.733333,0.878523,9.965657,1
-0.000000,108.521493,17.838316,3
5.225349,172.269635,20.435342,1
-1.992931,181.827805,14.799780,3
4.666667,169.070112,8.191310,2
8.527379,175.774577,8.925305,1
-0.000000,149.236448,9.654126,2
4.667459,23.497876,14.930282,2
-1.464395,101.804451,10.231547,3
4.673500,33.766353,20.971812,2
4.721766,166.222301,7.803356,1
1.644717,185.602171,7.458459,2
3.132233,33.896886,19.708921,2
8.703811,176.747464,11.999554,2
1.538505,77.572579,16.484242,4
2.772567,76.513892,2.747298,3
-8.732816,54.290585,9.971166,2
-6.914002,173.576629,1.644488,1
-2.578202,148.300491,14.593493,3
3.536937,89.574546,15.480336,4
1.966277,141.927772,20.216913,2
8.733333,188.866257,14.521582,2
8.733333,34.823575,15.182308,2
4.669593,48.919257,18.781919,2
-8.469894,128.185825,10.293838,2
8.527456,161.722502,10.086531,1
5.263816,170.674201,17.734292,2
8.712879,79.623529,18.144879,3
4.808176,23.098762,4.189594,1
-4.333333,16.056190,0.564811,2
5.072685,72.093524,1.249929,2
-0.000000,165.781110,3.144583,2
-4.370531,42.921941,3.771212,2
-4.405095,158.208065,13.768585,3
8.733333,130.937663,0.649335,1
-4.417021,5.229290,10.391310,2
-4.339919,157.155257,14.925741,3
4.775978,184.512609,2.525357,1
8.733333,98.462626,5.193406,2
4.402142,166.802331,6.359773,2
3.909971,26.270737,3.800638,2
-4.336424,151.956694,7.121535,2
8.733333,185.147236,17.624422,2
-0.000000,166.541515,6.591941,2
5.012096,51.880232,17.063766,3
-4.336127,42.604353,12.160958,2
8.733333,104.462956,12.203218,2
5.251820,79.471420,16.074240,3
-4.333333,95.821957,17.019746,3
4.666667,198.780728,19.818636,2
-0.410024,120.895692,3.039677,2
-0.000000,188.981729,17.469690,3
-0.000000,98.088443,4.167094,3
4.141303,87.589312,0.637436,3
-4.518343,154.531114,2.802518,2
-4.410540,148.813313,2.942185,2
0.000000,88.580814,2.822841,3
8.733333,10.600011,20.575715,1
4.743802,17.564369,6.011061,1
8.666451,159.597192,20.738944,1
-4.339888,131.116475,14.039311,3
8.704175,6.467111,19.195678,2
8.720471,111.413366,8.075611,2
4.667303,143.960311,5.196442,2
-0.000000,22.081610,4.121001,2
0.000000,43.329475,12.004284,3
8.640976,162.204043,5.612562,1
-4.385274,27.732377,6.728119,2
-4.844642,176.379840,0.342070,1
5.537291,184.711212,12.924738,2
4.821195,2.551113,21.176283,1
4.075697,75.431851,18.696649,3
4.717357,33.562338,0.174687,1
4.366065,108.044559,13.948562,3
-0.000000,20.332487,7.904405,2
8.733333,7.853549,2.509312,1
3.530669,186.645822,11.897994,2
8.733333,194.318377,9.161270,1
6.477214,72.185604,11.376167,3
8.580285,128.841081,19.494703,2
4.666667,13.589460,3.286710,2
4.704716,41.582399,9.562883,2
8.733333,7.920769,1.298854,1
4.034701,93.871863,8.382661,2
-4.825803,30.019345,15.892128,2
8.733333,198.261384,2.092623,1
4.696591,85.412470,14.678189,3
4.720541,191.074421,6.520812,1
8.733333,144.849407,13.168381,2
-5.289372,116.178342,3.340744,2
4.740817,108.051581,9.600296,2
3.664319,141.088238,0.279011,2
4.814975,1.005777,5.038505,1
-4.334016,156.503156,5.800952,2
-4.333333,185.371915,11.250475,2
4.724800,1.659131,4.731868,1
-4.350380,164.925669,7.614415,2
7.920498,153.467174,16.451976,2
-0.000000,199.427379,9.099628,2
8.474022,45.530614,1.226556,2
4.744627,183.908441,8.580619,1
0.206518,128.399861,10.438647,2
0.000000,21.064037,18.157056,3
8.733333,53.632183,6.680159,2
-5.103789,152.768753,18.079383,2
8.733333,161.102031,12.444955,2
-4.379948,20.850600,1.196396,2
-0.000000,93.951755,5.720312,3
-5.598802,43.812378,12.960278,2
4.713074,184.541581,10.554140,2
-5.050004,64.064526,4.370314,2
0.000000,171.508762,5.258279,2
7.685778,51.969334,17.164257,3
4.691494,175.612589,13.580818,2
4.220726,37.653523,3.170834,2
4.825850,151.838767,15.754904,2
4.690034,6.337860,8.833141,2
-4.763828,128.467831,10.172478,2
8.733333,113.374183,15.560204,3
8.733333,75.281909,8.826632,2
4.894710,42.509676,0.316479,2
8.648543,158.431368,1.642090,1
2.385467,29.088696,13.003500,3
4.676866,97.828490,9.812033,2
4.666667,2.569149,20.385653,2
4.221456,37.322405,2.087654,2
-3.297136,97.046091,8.259213,3
-4.403920,167.645215,12.011975,2
3.546065,28.211394,2.456924,2
-4.384209,146.443397,19.898191,2
8.733333,138.213383,13.932094,2
8.733333,6.898524,19.919056,1
-4.540118,97.771453,13.872165,3
-0.000000,194.278082,0.313022,2
0.000000,22.490276,6.962511,2
8.465988,148.642755,2.461156,1
8.733333,127.708274,13.848189,2
-8.705692,118.836583,1.335608,2
8.733333,99.724503,14.827888,3
-4.334843,113.570532,10.503660,2
5.157134,85.300850,6.722008,2
8.659327,15.247888,11.359326,2
-0.000000,58.117331,15.554621,4
8.733333,112.267009,17.899442,2
8.733333,126.666694,6.947783,1
4.687889,186.155172,6.848648,2
-4.333670,195.553832,7.589491,2
-4.381640,18.719309,14.658708,2
0.000000,132.346989,18.943576,3
-4.392198,120.554580,16.759144,3
-8.682543,94.763573,19.268427,3
4.675984,71.251268,19.167181,3
8.733333,95.115688,3.801389,2
4.717767,134.204404,18.704928,2
4.749955,191.929039,21.110944,1
8.733333,17.816853,16.944554,2
8.733333,159.548492,19.250338,2
4.927121,118.155149,1.483096,2
8.642903,182.439351,14.229429,2
8.498691,20.225864,7.130125,1
4.668355,58.658929,14.087632,3
-0.000000,10.317641,19.354523,2
0.000000,100.825636,8.220029,3
1.912321,153.675150,16.868226,3
2.739495,56.597075,3.697906,2
-0.000000,45.072049,11.433943,3
4.747390,66.257929,13.804023,3
-0.000000,90.650270,15.706101,4
8.652341,147.476928,6.740714,1
-0.000000,101.977131,5.801116,3
2.491958,76.502838,20.152077,3
4.666667,181.096643,13.530754,2
4.666667,193.051550,2.049851,2
-4.347286,125.653471,13.809338,3
7.381007,26.406234,4.224617,1
8.733333,123.660356,17.093223,2
-0.000000,76.604021,19.019011,4
8.733333,198.238750,7.338795,1
-0.000000,57.365457,2.979108,3
8.733333,141.238286,16.840277,2
4.671784,107.041180,7.009502,2
-0.000000,38.642208,5.552349,2
-4.375305,137.887020,4.401641,2
0.000000,10.091001,1.518217,2
2.962356,36.886823,12.142036,2
7.951461,9.131665,8.883856,1
6.108344,177.008300,16.502548,2
5.665673,167.958877,10.718037,2
-4.333333,23.631049,8.465295,2
8.719054,82.082971,1.350987,2
8.733333,24.045718,4.701213,1
8.543583,114.418504,11.965214,2
-4.333333,189.878027,9.034181,2
4.844081,51.277032,19.821191,2
3.639339,197.973087,1.238370,2
6.058307,69.961608,9.757203,2
-4.380484,41.704475,11.831876,2
-3.228793,133.165432,2.949333,2
4.849004,194.668941,11.900839,2
4.666667,124.539964,18.862100,2
4.684866,12.707579,4.356382,2
-5.317242,74.701907,3.423400,2
-6.464396,33.250307,1.350311,1
8.733333,46.255616,14.543628,3
8.499737,10.441727,0.409258,1
8.733333,180.351263,6.404265,1
0.000000,158.658340,21.424124,2
-4.349403,74.602865,16.822090,3
0.000000,166.410941,5.361046,2
4.666667,150.766911,15.006553,2
-4.356087,124.372619,3.032799,2
8.733333,78.818636,13.855857,3
0.000000,71.855592,18.854323,4
0.000000,17.770492,19.795563,2
4.666667,68.335401,7.664105,2
8.559485,109.734119,10.698824,2
-0.846382,92.109492,14.949385,4
-4.347683,129.090475,15.490682,3
4.671281,102.704168,10.139449,2
-5.019040,162.885294,8.013991,1
4.666667,19.436641,6.165835,2
8.733333,92.742712,1.676498,2
0.454611,117.963498,9.781749,3
-4.333333,37.434414,3.645539,2
4.804996,122.266029,8.772477,2
-8.654477,10.388396,20.252863,1
4.666978,115.145390,11.249356,2
2.314865,168.468940,20.111131,2
8.716585,99.945195,2.022547,2
8.510447,87.804978,21.846818,2
4.191141,29.811417,2.121540,2
8.727430,5.655890,6.889245,1
-5.257872,151.333958,17.278252,3
-0.000000,159.221247,13.252806,3
8.689388,58.711119,10.249984,2
8.733333,23.041349,6.558890,1
6.927694,75.018326,2.929801,2
-0.000000,165.778749,6.490197,2
4.679579,168.355316,3.665796,2
8.733333,133.047690,6.976287,1
-4.627617,192.027995,2.416473,2
4.886180,188.623578,18.305935,2
0.224195,22.539898,21.375041,2
8.733333,129.657490,4.801968,1
-0.000000,96.160810,15.533708,4
8.657699,13.304138,0.858301,1
8.733333,179.554245,13.558493,2
3.867650,99.446026,14.726012,3
4.666667,154.260686,0.818434,2
8.733333,12.072446,0.073360,1
4.666667,52.491493,3.134216,2
4.447583,130.213874,18.972920,2
4.679129,26.720782,6.072823,2
-0.000000,127.709147,11.697214,3
6.635656,76.988619,11.488869,3
4.741542,153.139625,12.487590,2
4.666667,130.583136,7.326716,2
5.723150,76.297813,9.095164,2
8.733333,60.003717,9.115659,2
-0.138135,68.027911,21.646279,4
8.733333,183.785307,1.270265,1
5.470382,91.253363,8.723943,2
8.733333,88.499391,17.409053,3
0.000000,90.837164,13.072080,4
2.656058,189.056402,6.810388,2
3.613504,43.823791,19.839664,2
0.166720,176.480559,2.048794,2
-4.401205,3.975085,7.018597,2
6.757808,68.352977,19.513156,2
4.202549,153.205489,14.463497,3
4.626460,68.560740,15.059372,3
4.760732,123.761281,10.426870,2
-4.333333,90.604232,3.107371,2
3.675466,2.032521,20.920347,2
4.674810,119.816233,19.417775,2
-4.396049,120.313670,9.623648,2
7.035212,129.883490,18.369050,2
8.733333,68.544127,7.153155,2
0.167781,98.659851,8.088065,3
8.465881,140.354789,17.486468,2
-4.351609,177.560520,2.184792,2
8.733333,11.011569,20.939194,1
-4.409056,19.672390,0.032426,2
4.666667,129.956557,6.498709,2
0.000000,152.814178,1.066000,2
8.429400,197.591788,9.740288,1
4.043735,25.064958,17.376620,2
4.684256,72.895435,20.097454,3
8.435832,135.246018,11.731596,2
4.712092,75.151634,17.689682,3
4.676807,172.691698,12.378528,2
8.688131,58.395350,16.519282,3
-4.792582,26.694998,0.203068,1
8.733333,134.530103,10.489267,1
-4.354080,40.516996,5.507250,2
4.780997,173.703040,6.774202,1
0.435149,150.231464,21.272880,2
1.432004,83.875930,4.593696,3
4.125120,0.046213,11.450478,2
4.680069,29.892746,4.962015,2
8.733333,54.766860,12.478353,2
-4.333333,174.485004,21.959598,2
-8.722515,120.250229,2.901037,2
8.733333,64.237691,21.002885,2
4.738303,56.858615,2.725305,2
-8.504821,87.063161,4.097241,2
4.768770,180.751810,14.223060,2
-4.333333,185.021129,2.819720,2
-5.141677,101.058490,1.789051,2
-8.400423,125.516362,14.502995,3
2.289472,143.852785,0.602775,2
-4.336094,4.782576,21.673956,2
2.461077,114.986500,11.865281,3
-4.738911,9.306893,8.224368,1
8.733333,84.506278,15.548167,3
0.000000,93.546852,20.843050,4
8.658273,4.525597,8.410102,1
4.780638,13.014808,15.243988,2
-4.411186,184.791267,13.245569,3
-0.000000,106.828573,17.055670,3
8.728551,73.359294,13.020353,3
7.238853,72.789236,8.275956,2
4.181294,30.274733,18.714282,2
5.253869,29.921720,4.966174,1
8.733333,70.160418,17.533082,3
-5.032788,67.193219,21.931382,3
2.019825,156.805569,6.188838,2
-4.333333,97.347842,15.628381,3
-4.358022,92.959603,14.622125,3
4.191339,26.250510,9.126382,2
5.295317,177.278294,10.961938,2
8.733333,134.911485,20.880707,1
4.666667,167.031928,20.969997,2
-4.833555,131.297587,16.124313,3
8.727177,196.783395,8.462960,1
8.733333,195.957974,0.881820,1
0.109567,50.030603,12.824539,3
4.666667,124.914141,12.423678,2
8.733333,145.648485,7.814018,1
7.082447,99.634063,19.364418,2
8.733333,169.965659,13.739663,2
4.700009,38.183641,13.728342,2
4.666667,24.828757,6.506311,2
-0.000000,0.558084,1.642958,2
-4.820371,30.590558,6.461532,1
4.892725,106.832165,5.164276,2
4.666667,102.126721,7.609742,2
4.727276,77.043176,18.666788,3
-1.308180,62.119291,3.528016,3
-8.663800,0.711089,3.473016,1
4.695439,163.048489,11.190504,2
-0.000000,127.683692,13.272622,3
6.392890,89.667876,3.550733,2
5.846728,48.817154,13.979995,3
0.368757,160.677017,18.566693,3
-4.731986,164.794177,17.209923,3
0.000000,170.438130,5.820460,2
4.101047,93.450351,6.923377,2
2.365819,194.139795,4.030303,2
8.733333,168.248803,9.844412,1
8.715095,15.709641,7.186930,1
0.922818,47.519778,6.155958,3
8.733333,163.514176,20.498806,1
8.733333,81.165743,8.793233,2
-0.000000,93.262444,8.347309,3
8.584955,190.307244,13.042622,2
8.623413,193.001061,1.507147,1
4.666667,153.056973,4.515229,2
8.178428,114.906718,15.919602,3
4.666667,183.185005,12.653247,2
-4.338165,99.086482,4.405115,2
4.679866,33.202475,18.556568,2
4.726208,65.199534,9.322060,2
4.666667,59.287221,11.984521,3
4.810817,111.659698,11.615282,2
8.733333,13.495361,4.072372,1
8.733333,13.795569,1.797174,1
8.505515,33.356916,10.210060,1
0.000000,189.487653,0.672205,2
4.666667,162.217684,9.569651,2
8.728276,142.091139,12.273029,2
8.733333,194.049112,14.053207,2
4.790704,199.685358,0.752783,1
-4.414458,197.490961,15.617810,3
4.744192,30.017316,3.725127,1
-4.396339,191.695761,13.054414,3
3.502554,106.091810,13.377428,3
4.779654,14.817303,16.991911,2
8.733333,62.364181,1.238020,2
8.733126,179.034156,18.803953,2
-0.000000,166.953662,8.454255,2
6.135617,0.469751,8.791617,1
4.734429,128.041969,7.159185,2
8.733333,160.636515,12.218582,2
8.733333,49.026151,6.499242,2
8.644148,12.824446,8.054640,1
4.810328,52.629664,7.679063,2
4.671751,20.544072,13.864929,2
-4.631633,96.743805,14.617726,3
8.664254,83.776893,21.826119,2
8.733333,76.257802,20.775948,2
8.733333,177.353023,7.707653,1
4.666667,84.111503,4.245955,2
2.143371,56.769574,20.230675,3
0.000000,9.636229,6.351225,2
8.733333,43.833197,12.118907,2
1.727241,47.835203,20.225131,3
-4.365719,5.851697,1.981067,2
8.658865,140.462184,5.669319,1
5.421306,1.527111,9.395055,1
8.733333,122.184136,12.709912,2
0.705696,81.617907,19.789471,4
4.852020,49.789335,4.800964,2
4.771556,130.491945,21.274701,2
0.000000,64.055418,9.547590,3
4.459559,20.734425,17.266093,2
-1.140400,107.112979,11.555145,3
7.157637,32.974048,7.288091,1
0.473299,176.687740,9.495060,2
8.505192,133.291402,15.793835,2
8.733333,169.548498,20.156666,1
4.807203,152.532213,19.580616,2
4.671156,161.402755,2.963533,2
5.726887,126.590489,2.638081,2
8.722756,142.085462,19.655953,1
4.670168,137.732708,14.367882,2
-0.000000,64.189572,0.886118,3
-0.399725,106.329699,11.103751,3
4.670589,174.638792,19.677976,2
6.943693,10.907935,8.486026,1
8.733333,100.080155,6.425141,2
7.486123,86.552643,5.148805,2
-8.633650,180.856498,4.420864,1
4.883934,126.036670,8.366733,2
4.691408,196.607244,13.085383,2
4.171366,117.040068,5.904491,2
-4.333333,168.127304,13.693738,3
8.733333,93.762756,17.700481,3
0.104177,109.044466,2.287368,3
-6.128782,35.820824,16.043287,2
-0.000000,126.892339,14.268986,3
4.832205,192.591755,10.442402,2
4.666667,106.802750,20.524066,2
4.672309,95.922850,2.121761,2
4.790395,158.733217,13.180352,2
3.803451,18.542744,5.138424,2
4.672572,176.159909,0.711223,2
1.205486,0.774707,12.756904,3
8.733333,102.305818,18.528359,3
4.310051,135.692727,12.251734,2
-0.000000,113.149529,18.477426,3
8.733333,95.691729,4.508950,2
-4.380699,64.102569,13.667608,3
-8.720627,120.315960,3.828460,2
-4.889503,182.630548,6.369876,1
-4.357547,136.503563,0.407065,2
3.572722,189.346694,15.432921,3
-1.326235,19.817802,20.946010,2
0.000000,102.205785,16.478205,4
-0.000000,22.025668,16.648003,3
-4.779717,109.052375,11.925960,2
-4.367536,137.757180,6.205383,2
-0.000000,29.483398,5.387247,2
8.733333,155.512208,6.299001,1
8.621804,79.810247,21.188957,2
-0.000000,179.659990,5.075298,2
8.733333,61.408775,11.821071,2
4.666667,12.210229,4.510182,2
-0.000000,43.894229,9.548908,2
2.754802,16.566587,3.128663,2
4.706562,190.079067,8.262843,1
-0.000000,3.274132,17.458334,3
-4.333333,22.933687,17.881944,2
8.733333,2.481989,19.883400,1
-4.379639,43.245466,11.888266,2
-0.000000,2.285506,17.992993,3
8.733333,128.489853,15.585166,2
4.793476,103.398188,0.950595,2
4.672875,49.108429,3.210812,2
8.732184,38.749468,5.133385,1
8.733333,18.174116,5.427424,1
8.730944,73.688333,3.746220,2
-4.398022,1.558582,5.171250,2
-4.414159,120.540264,6.060144,2
8.733333,95.770949,20.935346,2
1.560007,61.623538,7.626762,3
4.666667,148.888890,6.541083,2
3.408978,167.869856,8.897377,2
8.733333,52.486384,6.649223,2
-0.000000,102.847612,16.660844,4
-6.169723,89.354826,7.914366,2
4.672339,68.242229,2.747791,2
-0.000000,167.828361,13.578016,3
8.733333,196.498500,7.821428,1
4.679751,125.292900,7.984640,2
5.762228,36.255034,1.506742,1
4.210502,24.603403,19.077561,2
1.443997,115.993742,10.073716,3
1.827362,65.707161,1.707538,3
4.574704,53.637275,19.908266,2
-4.394528,110.047821,6.197309,2
-0.000000,36.103379,13.505313,3
5.726772,135.698374,14.560875,2
4.713281,11.137698,4.400541,1
8.512837,6.811437,21.119697,1
8.503804,57.303691,14.632332,3
4.743017,15.478009,11.908596,2
4.672118,180.114458,19.117315,2
4.817542,169.321189,12.255044,2
8.589582,79.139695,0.470759,2
6.079160,33.843053,10.618972,1
4.706053,86.090463,17.775683,3
3.504097,83.243627,16.192206,3
8.733333,145.752697,12.590697,2
8.662893,81.294736,0.197667,2
6.388535,190.361491,15.802170,2
-4.333333,182.397004,9.887385,2
4.807462,190.282863,14.511569,2
-0.000000,69.200241,16.570584,4
4.395155,58.048842,17.704258,3
-4.386136,177.340153,0.641423,2
-4.385294,42.006159,17.155980,3
8.733333,26.175310,12.481711,2
-5.330900,104.103177,1.674566,2
8.733333,181.092550,5.535680,1
-4.333333,80.506047,2.936000,3
4.795589,43.152250,12.418426,2
-0.000000,15.747897,11.901588,3
-4.375541,186.611972,1.516272,2
-0.000000,120.574312,21.745479,3
-4.387384,75.498435,5.524100,2
0.840250,132.986288,6.940406,2
3.589164,158.438053,6.614453,2
-4.333333,66.698426,0.924859,2
-8.700525,138.531773,11.613829,2
-4.336150,40.763135,5.632491,2
-4.334551,191.742719,8.991620,2
1.034585,142.366491,20.845278,2
8.636783,33.381318,20.224181,1
1.274450,88.555435,2.667361,3
4.666667,126.598714,13.022786,2
8.378513,185.993434,7.912348,1
-4.337510,105.866194,15.824753,3
8.733333,125.294885,11.518124,2
-4.333333,136.163785,5.738554,2
4.666667,184.639505,10.847745,2
-4.862002,30.566828,18.828390,2
-0.000000,81.144159,15.936938,4
-4.333333,62.495200,4.380427,2
8.496953,138.779792,3.460289,1
8.733333,178.137575,8.150461,1
8.584678,98.134193,18.969984,2
8.733333,161.164702,15.064778,2
-0.000000,65.287782,13.952353,4
-2.288559,109.975829,3.109112,2
-5.285566,77.756867,1.744649,2
0.429906,179.365801,19.275198,2
4.666667,135.224016,9.249431,2
8.538166,165.679390,10.728599,1
-4.333333,22.017770,10.127161,2
1.070679,55.845467,11.344899,3
4.666667,153.527233,5.983877,2
0.000000,43.211319,5.094756,2
8.733333,6.812426,19.789750,1
4.666667,87.310380,19.991341,3
4.688018,187.372742,13.280143,2
8.636409,52.417793,8.035203,2
4.749624,113.949100,13.168991,3
4.221264,71.910609,14.706717,3
8.733333,5.367726,19.680410,1
1.127644,100.083838,1.921382,3
-0.000000,165.402982,11.858228,3
5.022149,51.796484,9.425899,2
-0.000000,9.177001,13.577377,3
-4.845425,49.294321,12.295269,2
4.666667,132.146429,4.968715,2
8.733333,65.881938,2.299430,2
3.988089,131.899250,0.219508,2
-4.333333,2.600825,1.301373,2
-0.000000,143.613571,7.098352,2
-1.432914,78.223762,17.148483,4
4.774128,6.701052,7.380529,1
8.400144,81.203081,13.630509,3
4.768427,143.261527,21.843486,1
1.707746,184.267283,14.256125,3
4.745181,196.803149,11.875068,2